dataset,model,box_mAP@50,box_mAP@50-95,box_mean_f1,box_mean_precision,box_mean_recall,seg_mAP@50,seg_mAP@50-95,seg_mean_f1,seg_mean_precision,seg_mean_recall
ETIS-LaribPolypDB-test,rtdetr,0.5550713698700857,0.3266500438340052,0.5702937826823002,0.6021156300605844,0.5416666666666666,,,,,
ETIS-LaribPolypDB-test,yolo8,0.6687790697675757,0.4913722898699781,0.6137931034482759,0.7295081967213115,0.5297619047619048,,,,,
ETIS-LaribPolypDB-test,yolo9,0.6666531999621153,0.494023239563956,0.6177643336701673,0.7085195947659298,0.5476190476190477,,,,,
ETIS-LaribPolypDB-test,yolo10,0.6261109479116888,0.4372249948681747,0.5883919782874817,0.6525592322489413,0.5357142857142857,,,,,
ETIS-LaribPolypDB-test,yolo11,0.702259302311806,0.5110035579173514,0.6666666666666666,0.7886178861788617,0.5773809523809523,,,,,
ETIS-LaribPolypDB-test,yolo12,0.6306726100706603,0.4485568997550296,0.5772092509531497,0.6256721029938418,0.5357142857142857,,,,,
ETIS-LaribPolypDB-test,yoloe,0.563576685794739,0.3841726264106701,0.4923076923076923,0.6956521739130435,0.3809523809523809,0.5725050937280143,0.406910631454261,0.5,0.7065217391304348,0.3869047619047619
ETIS-LaribPolypDB-test,yolow,0.6903284008659972,0.528422741768974,0.6560509554140128,0.7054794520547946,0.6130952380952381,,,,,
ETIS-LaribPolypDB-test,yolo26,0.6077774830582323,0.4634746906573682,0.5405405405405406,0.7692307692307693,0.4166666666666667,,,,,
