model,mean,median,std,n_datasets,ci_lower,ci_upper,confidence_level,sem
rtdetr,0.8027381761766161,0.866088313,0.14650310510631293,3,0.43880428789350184,1.1666720644597304,0.95,0.08458360717024581
yolo8,0.9437569234106649,0.9557522123893804,0.04712945323805854,3,0.82668087128783,1.0608329755334998,0.95,0.02721020251375298
yolo9,0.956474300909608,0.979208264,0.050075882362551095,3,0.8320789130836217,1.0808696887355944,0.95,0.028911324161926908
yolo10,0.90013535645679,0.8799999999999999,0.04348235942480838,3,0.7921191876137411,1.008151525299839,0.95,0.02510455191891318
yolo11,0.9545554960643193,0.9381959496791964,0.03045197039654046,3,0.8789086080051686,1.0302023841234702,0.95,0.01758145330579715
yolo12,0.9528790150111361,0.9464285714285716,0.033531824072874986,3,0.8695813462879298,1.0361766837343425,0.95,0.019359607654893547
yoloe,0.9401749668214346,0.943480805,0.02281454164281727,3,0.8835005035502139,0.9968494300926554,0.95,0.013171981758918478
yolow,0.9331775969631927,0.935076831889578,0.05225387222619612,3,0.8033717823811157,1.0629834115452697,0.95,0.03016878719599464
yolo26,0.9480329311154548,0.9785573028323228,0.06191117779291407,3,0.7942370395811974,1.1018288226497122,0.95,0.035744435164585725
