model,mean,median,std,n_datasets,ci_lower,ci_upper,confidence_level,sem
rtdetr,0.8414739373352064,0.889084837,0.15816970980576306,3,0.44855859635010437,1.2343892783203083,0.95,0.0913193245340023
yolo8,0.9615740855635792,0.968502551020408,0.0313196585165179,3,0.8837717407235547,1.0393764304036037,0.95,0.018082413275438764
yolo9,0.9740102980434783,0.9907,0.029943153998817872,3,0.8996273799862671,1.0483932161006895,0.95,0.01728768802160392
yolo10,0.9227352855054929,0.9065,0.036526881255944145,3,0.8319974822849758,1.01347308872601,0.95,0.021088804725776848
yolo11,0.9723657119097245,0.9782755760368664,0.025793844683267092,3,0.90829024960099,1.0364411742184592,0.95,0.014892083171319653
yolo12,0.9726702612964737,0.9805096774193548,0.024504622742986818,3,0.9117974038284054,1.033543118764542,0.95,0.014147750537053666
yoloe,0.948839731096866,0.949712345,0.024898645107845042,3,0.8869880678129803,1.0106913943807518,0.95,0.014375239455471294
yolow,0.9492795196231546,0.950595160839161,0.0441061150380495,3,0.8397138559383375,1.0588451833079717,0.95,0.02546467739012648
yolo26,0.9701452102864344,0.9784482758620692,0.029203328608748965,3,0.8976001203808038,1.042690300192065,0.95,0.016860549633494315
