model,mean,median,std,n_datasets,ci_lower,ci_upper,confidence_level,sem
rtdetr,0.6052104790269227,0.655584047,0.13893917091783314,3,0.26006644491060865,0.9503545131432367,0.95,0.0802165677303944
yolo8,0.7368226894810798,0.7546396008458593,0.12049763395129483,3,0.43748997280598134,1.0361554061561782,0.95,0.06956934139849306
yolo9,0.7317956997744943,0.733291451697486,0.09899192176342654,3,0.48588613376332823,0.9777052657856604,0.95,0.05715301267771269
yolo10,0.6956068767796149,0.6499081049432343,0.0948217866512893,3,0.46005650066360304,0.9311572528956267,0.95,0.05474538404816315
yolo11,0.7420245424262112,0.6967732027585696,0.07892432859349208,3,0.5459656413925427,0.9380834434598797,0.95,0.04556698235906313
yolo12,0.7363228707254438,0.7416951764516108,0.11325680418643677,3,0.45497737233359353,1.017668369117294,0.95,0.06538884638459601
yoloe,0.7000161132086165,0.699532157016953,0.03137934679829741,3,0.6220654944568739,0.777966731960359,0.95,0.01811687432099163
yolow,0.7275546512740417,0.6836881963943511,0.12296127790751463,3,0.42210190373897194,1.0330073988091115,0.95,0.07099172689980396
yolo26,0.6972518499726373,0.6580138141762453,0.10302091464099401,3,0.44133371081393236,0.9531699891313423,0.95,0.05947915280013936
