dataset,model,box_mAP@50,box_mAP@50-95,box_mean_f1,box_mean_precision,box_mean_recall,seg_mAP@50,seg_mAP@50-95,seg_mean_f1,seg_mean_precision,seg_mean_recall
ETIS-LaribPolypDB-test,rtdetr,0.427167944310612,0.2962161611825257,0.4876283127178519,0.6592526305638082,0.3869047619047619,,,,,
ETIS-LaribPolypDB-test,yolo8,0.5476731483613342,0.3484240620374335,0.4904214559386973,0.6881720430107527,0.3809523809523809,,,,,
ETIS-LaribPolypDB-test,yolo9,0.4981844644530095,0.371376403626673,0.3865546218487394,0.6571428571428571,0.2738095238095238,,,,,
ETIS-LaribPolypDB-test,yolo10,0.5903522330040047,0.4463840720678512,0.4604373357618566,0.8518721411172534,0.3154761904761904,,,,,
ETIS-LaribPolypDB-test,yolo11,0.5809947733896987,0.4287078565326727,0.4588744588744589,0.8412698412698413,0.3154761904761904,,,,,
ETIS-LaribPolypDB-test,yolo12,0.5164916998073783,0.3577639323210225,0.4632352941176469,0.6057692307692307,0.375,,,,,
ETIS-LaribPolypDB-test,yoloe,0.5092538289244446,0.3501824726905235,0.4615741153468215,0.6523163124697406,0.3571428571428571,0.5146147600921638,0.3759911191841896,0.4607259217190902,0.6489395277419518,0.3571428571428571
ETIS-LaribPolypDB-test,yolow,0.6065761004846518,0.4251258132318861,0.5179282868525896,0.7831325301204819,0.3869047619047619,,,,,
ETIS-LaribPolypDB-test,yolo26,0.5835466610612589,0.38496543550552337,0.45021645021645024,0.8253968253968254,0.30952380952380953,,,,,
